lastName,UniqueId,firstName,fullName,birthDate,externalId,source
Latour,C2OH48HL21V,Marceline,Marceline Latour,1/21/1960,1,humans1
Gessel,P3UE85AY76F,Keira,Keira Gessel,12/24/1988,2,humans1
Ulshafer,I9IO39KL87H,Kaila,Kaila Ulshafer,7/2/1962,3,humans1
Grims,L5TM04HW68I,Drew,Drew Grims,7/7/1963,4,humans1
Raval,Z1XA68FG61P,Landon,Landon Raval,3/16/1993,5,humans1
Ikeard,E1YK05EL08W,Verdie,Verdie Ikeard,3/18/1972,6,humans1
Fullem,P9GZ17DB26B,Vanita,Vanita Fullem,5/18/1984,7,humans1
Willigar,O3HN99PS40B,Sheron,Sheron Willigar,11/5/1956,8,humans1
Barberr,Z8QA51TF42X,Marni,Marni Barberr,6/1/1959,9,humans1
Kohnz,P3UL40GB37L,Tristan,Tristan Kohnz,10/22/1955,10,humans1
Relf,B1EX26DP11L,Blair,Blair Relf,12/25/1989,11,humans1
Nguyen,N0HZ77LC16D,Francisca,Francisca Nguyen,3/7/1973,12,humans1
Mellie,S8XV98AK34E,Elfreda,Elfreda Mellie,10/11/1989,13,humans1
Brincefield,L1UK78SB59A,Jamey,Jamey Brincefield,9/29/1955,14,humans1
Raynoso,K1HM82TN21K,Ligia,Ligia Raynoso,5/15/1988,15,humans1
Lapuz,K5GM88QY29L,Catheryn,Catheryn Lapuz,4/25/1960,16,humans1
Sieverson,U8SW50WS70M,Gavin,Gavin Sieverson,7/5/1979,17,humans1
Pagon,M5EW11HD51U,Milda,Milda Pagon,2/13/1981,18,humans1
Gardiner,N5EM25CE04L,Judson,Judson Gardiner,12/13/1993,19,humans1
Loud,S4SX29DS00O,Orville,Orville Loud,1/14/1960,20,humans1
Veys,I5QC16TN39X,Ola,Ola Veys,8/11/1983,21,humans1
Steff,A7FD16LB40L,Crystle,Crystle Steff,3/23/1974,22,humans1
Iwanejko,A7ZM51OO00V,Trena,Trena Iwanejko,8/14/1974,23,humans1
Kinzer,L1OY40TV72B,Hassie,Hassie Kinzer,5/6/1979,24,humans1
Frezza,E0QI68EA01X,Desirae,Desirae Frezza,3/10/1980,25,humans1
Collette,Q5PL77PE75K,Malcom,Malcom Collette,10/3/1977,26,humans1
Worner,U2YI30HO41S,Lynn,Lynn Worner,4/9/1976,27,humans1
Eidemiller,U4NB12NK52D,Jacqulyn,Jacqulyn Eidemiller,7/4/1968,28,humans1
Hunkele,V3FB05SW57C,Fallon,Fallon Hunkele,9/26/1975,29,humans1
Wooters,Y9LX88VR14R,Lizbeth,Lizbeth Wooters,12/30/1973,30,humans1
Gearin,D2QM97YP57V,Tamra,Tamra Gearin,8/8/1987,31,humans1
Lefton,Z3BH01NC46I,Jacquelynn,Jacquelynn Lefton,1/8/1973,32,humans1
