lastName,UniqueId,firstName,fullName,birthDate
Latour,C2OH48HL21V,Marceline,Marceline Latour,1960-01-21
Gessel,P3UE85AY76F,Keira,Keira Gessel,1988-12-24
Ulshafer,I9IO39KL87H,Kaila,Kaila Ulshafer,1962-07-02
Grims,L5TM04HW68I,Drew,Drew Grims,1963-07-07
Raval,Z1XA68FG61P,Landon,Landon Raval,1993-03-16
Ikeard,E1YK05EL08W,Verdie,Verdie Ikeard,1972-03-18
Fullem,P9GZ17DB26B,Vanita,Vanita Fullem,1984-05-18
Willigar,O3HN99PS40B,Sheron,Sheron Willigar,1956-11-05
Barberr,Z8QA51TF42X,Marni,Marni Barberr,1959-06-01
Kohnz,P3UL40GB37L,Tristan,Tristan Kohnz,1955-10-22
Relf,B1EX26DP11L,Blair,Blair Relf,1989-12-25
Nguyen,N0HZ77LC16D,Francisca,Francisca Nguyen,1973-03-07
Mellie,S8XV98AK34E,Elfreda,Elfreda Mellie,1989-10-11
Brincefield,L1UK78SB59A,Jamey,Jamey Brincefield,1955-09-29
Raynoso,K1HM82TN21K,Ligia,Ligia Raynoso,1988-05-15
Lapuz,K5GM88QY29L,Catheryn,Catheryn Lapuz,1960-04-25
Sieverson,U8SW50WS70M,Gavin,Gavin Sieverson,1979-07-05
Pagon,M5EW11HD51U,Milda,Milda Pagon,1981-02-13
Gardiner,N5EM25CE04L,Judson,Judson Gardiner,1993-12-13
Loud,S4SX29DS00O,Orville,Orville Loud,1960-01-14
Veys,I5QC16TN39X,Ola,Ola Veys,1983-08-11
Steff,A7FD16LB40L,Crystle,Crystle Steff,1974-03-23
Iwanejko,A7ZM51OO00V,Trena,Trena Iwanejko,1974-08-14
Kinzer,L1OY40TV72B,Hassie,Hassie Kinzer,1979-05-06
Frezza,E0QI68EA01X,Desirae,Desirae Frezza,1980-03-10
Collette,Q5PL77PE75K,Malcom,Malcom Collette,1977-10-03
Worner,U2YI30HO41S,Lynn,Lynn Worner,1976-04-09
Eidemiller,U4NB12NK52D,Jacqulyn,Jacqulyn Eidemiller,1968-07-04
Hunkele,V3FB05SW57C,Fallon,Fallon Hunkele,1975-09-26
Wooters,Y9LX88VR14R,Lizbeth,Lizbeth Wooters,1973-12-30
Gearin,D2QM97YP57V,Tamra,Tamra Gearin,1987-08-08
Lefton,Z3BH01NC46I,Jacquelynn,Jacquelynn Lefton,1973-01-08
Ribron,B3AO03QH06W,Jannet,Jannet Ribron,1980-12-04
Chriscoe,W0FX10ZY07W,Daisey,Daisey Chriscoe,1991-02-28
Nehrt,B0LM31LY71H,Michel,Michel Nehrt,1975-08-25
Dardy,L7GU57HF93Y,Leora,Leora Dardy,1961-11-17
Diserens,A7FI46VZ60B,Luvenia,Luvenia Diserens,1975-05-22
Kuenstler,M9YN69EN86G,Kimberely,Kimberely Kuenstler,1990-02-13
Ariola,E6XM60KD20T,Tameika,Tameika Ariola,1977-05-06
Gainer,G9OG88AZ23D,Khadijah,Khadijah Gainer,1961-04-12
Stolecki,D5LB97YT30S,Katy,Katy Stolecki,1972-01-05
Odonal,G1VG37SD63E,Yvone,Yvone Odonal,1972-12-11
Titchener,F2MV39ZZ95G,Jackelyn,Jackelyn Titchener,1983-06-09
Mucciolo,V8RL38EW73U,Rene,Rene Mucciolo,1961-10-17
Hornack,P1TD22NH38V,Buster,Buster Hornack,1994-05-13
Shrewsbury,L3FI79BT41T,Linwood,Linwood Shrewsbury,1986-05-31
Schimmel,F8LG77QD80L,Tatum,Tatum Schimmel,1987-07-06
Papson,X0DR42TS53X,Paul,Paul Papson,1984-09-16
Bridgette,D9FW33NQ20N,Gregory,Gregory Bridgette,1956-05-06
Scroggs,L1QH86VH21Q,Regenia,Regenia Scroggs,1961-11-07
Mcfarlane,Z7KN15QF28D,Herbert,Herbert Mcfarlane,1993-11-19
Frankl,P1MV72UX43C,Cleotilde,Cleotilde Frankl,1966-10-23
Aldapa,D3GG15CY81B,Teena,Teena Aldapa,1972-03-06
Turay,O4XE31US33U,Gerald,Gerald Turay,1971-09-09
Pachucki,L3FR27KK57B,Shawna,Shawna Pachucki,1968-05-30
Kiili,G1OY47ZR72R,Leandra,Leandra Kiili,1980-01-03
Berson,Z4EY28PA21W,Gregorio,Gregorio Berson,1955-06-16
Morua,X9RV05LU51C,Mitzi,Mitzi Morua,1962-10-02
Settle,A4GY27OY59F,Cecil,Cecil Settle,1968-02-13
Brackins,X5BL26PX31W,Krysten,Krysten Brackins,1975-09-02
Tweddle,N0VL97CT28W,Londa,Londa Tweddle,1985-12-26
Laforce,M8FL77FP87P,Renda,Renda Laforce,1964-06-25
Quashie,N2UY05YY04V,Yun,Yun Quashie,1973-05-03
Fatigate,Z1BX33FX95L,Neta,Neta Fatigate,1981-10-10
Vanderschel,Y5LK10ZC84V,Marchelle,Marchelle Vanderschel,1994-07-21
Hedspeth,I1FB84BQ08C,Trinh,Trinh Hedspeth,1968-08-06
Karangelen,A6LX84VM93Z,Sandie,Sandie Karangelen,1960-03-09
Mcrill,C8WY13LL37X,Sean,Sean Mcrill,1979-01-24
Lyter,T1MI71UT02C,Germaine,Germaine Lyter,1989-11-16
Kozloff,Z0FE85ZS53G,Isadora,Isadora Kozloff,1983-02-02
Salvadge,C7NR96OE76W,Tristan,Tristan Salvadge,1991-11-04
Overlock,O2QR14QD46N,Loralee,Loralee Overlock,1961-02-09
Newborn,M2CU46XW38G,Arnulfo,Arnulfo Newborn,1970-12-06
Ahlstrom,R9GU07DH90V,Heide,Heide Ahlstrom,1969-04-21
Laufer,V0PB63DR72Y,Tanna,Tanna Laufer,1966-08-30
Daw,B1VD96CM53N,Fausto,Fausto Daw,1989-01-06
Micek,Y5NV05ZN87C,Latanya,Latanya Micek,1971-09-18
Marcoline,A4VG06LW22S,Beverley,Beverley Marcoline,1955-10-05
Gruenberg,E0BL47RE38S,Rigoberto,Rigoberto Gruenberg,1986-03-23
Dupuis,D1CS49PA12E,Riley,Riley Dupuis,1968-01-30
Newborn,W7HZ93RR28B,Rosemary,Rosemary Newborn,1982-11-09
Khatib,L8BN20EC99C,Cori,Cori Khatib,1991-02-26
Keyes,R4DO73MN51L,Shanika,Shanika Keyes,1959-02-15
Warning,D9KS35LC00F,Carl,Carl Warning,1957-07-22
Karvonen,L0QS54PH51Y,Alexandra,Alexandra Karvonen,1955-09-22
Pardew,T7QF33GG29S,Gayla,Gayla Pardew,1969-05-29
Righter,X6WA52CT22B,Sheri,Sheri Righter,1973-03-15
Filippo,L7HL14VR24P,Zulema,Zulema Filippo,1990-01-18
Halphen,L1WD48OO92Y,Marlyn,Marlyn Halphen,1957-07-05
Intermill,S9LO44TD49V,Emerald,Emerald Intermill,1967-09-04
Yip,K8LP56AR48X,Dean,Dean Yip,1966-07-11
Roekle,N0DV64NZ93Q,Patsy,Patsy Roekle,1955-06-23
Crabbs,Q9ET66LA82Q,Sherise,Sherise Crabbs,1956-11-11
Rearden,S4VL48EL66D,Estelle,Estelle Rearden,1989-12-25
Tiberio,M6ML53LN48R,Maurice,Maurice Tiberio,1961-01-03
Schild,S1GH26FF56E,Shyla,Shyla Schild,1976-12-13
Ucci,U9SG37OT64F,Kylee,Kylee Ucci,1968-08-12
squiers,U4UF03AI06M,nick,nick squiers,1961-12-08
Brewbaker,X9EV31NI63Y,Soo,Soo Brewbaker,1972-08-10
Fouraker,T9WV61OZ31G,Vergie,Vergie Fouraker,1960-01-08