lastName,UniqueId,firstName,fullName,birthDate,test-concat-field
Latour,C2OH48HL21V,Marceline,Marceline Latour,1960-01-21,C2OH48HL21V Marceline Latour
Gessel,P3UE85AY76F,Keira,Keira Gessel,1988-12-24,P3UE85AY76F Keira Gessel
Ulshafer,I9IO39KL87H,Kaila,Kaila Ulshafer,1962-07-02,I9IO39KL87H Kaila Ulshafer
Grims,L5TM04HW68I,Drew,Drew Grims,1963-07-07,L5TM04HW68I Drew Grims
Raval,Z1XA68FG61P,Landon,Landon Raval,1993-03-16,Z1XA68FG61P Landon Raval
Ikeard,E1YK05EL08W,Verdie,Verdie Ikeard,1972-03-18,E1YK05EL08W Verdie Ikeard
Fullem,P9GZ17DB26B,Vanita,Vanita Fullem,1984-05-18,P9GZ17DB26B Vanita Fullem
Willigar,O3HN99PS40B,Sheron,Sheron Willigar,1956-11-05,O3HN99PS40B Sheron Willigar
Barberr,Z8QA51TF42X,Marni,Marni Barberr,1959-06-01,Z8QA51TF42X Marni Barberr
Kohnz,P3UL40GB37L,Tristan,Tristan Kohnz,1955-10-22,P3UL40GB37L Tristan Kohnz
Relf,B1EX26DP11L,Blair,Blair Relf,1989-12-25,B1EX26DP11L Blair Relf
Nguyen,N0HZ77LC16D,Francisca,Francisca Nguyen,1973-03-07,N0HZ77LC16D Francisca Nguyen
Mellie,S8XV98AK34E,Elfreda,Elfreda Mellie,1989-10-11,S8XV98AK34E Elfreda Mellie
Brincefield,L1UK78SB59A,Jamey,Jamey Brincefield,1955-09-29,L1UK78SB59A Jamey Brincefield
Raynoso,K1HM82TN21K,Ligia,Ligia Raynoso,1988-05-15,K1HM82TN21K Ligia Raynoso
Lapuz,K5GM88QY29L,Catheryn,Catheryn Lapuz,1960-04-25,K5GM88QY29L Catheryn Lapuz
Sieverson,U8SW50WS70M,Gavin,Gavin Sieverson,1979-07-05,U8SW50WS70M Gavin Sieverson
Pagon,M5EW11HD51U,Milda,Milda Pagon,1981-02-13,M5EW11HD51U Milda Pagon
Gardiner,N5EM25CE04L,Judson,Judson Gardiner,1993-12-13,N5EM25CE04L Judson Gardiner
Loud,S4SX29DS00O,Orville,Orville Loud,1960-01-14,S4SX29DS00O Orville Loud
Veys,I5QC16TN39X,Ola,Ola Veys,1983-08-11,I5QC16TN39X Ola Veys
Steff,A7FD16LB40L,Crystle,Crystle Steff,1974-03-23,A7FD16LB40L Crystle Steff
Iwanejko,A7ZM51OO00V,Trena,Trena Iwanejko,1974-08-14,A7ZM51OO00V Trena Iwanejko
Kinzer,L1OY40TV72B,Hassie,Hassie Kinzer,1979-05-06,L1OY40TV72B Hassie Kinzer
Frezza,E0QI68EA01X,Desirae,Desirae Frezza,1980-03-10,E0QI68EA01X Desirae Frezza
Collette,Q5PL77PE75K,Malcom,Malcom Collette,1977-10-03,Q5PL77PE75K Malcom Collette
Worner,U2YI30HO41S,Lynn,Lynn Worner,1976-04-09,U2YI30HO41S Lynn Worner
Eidemiller,U4NB12NK52D,Jacqulyn,Jacqulyn Eidemiller,1968-07-04,U4NB12NK52D Jacqulyn Eidemiller
Hunkele,V3FB05SW57C,Fallon,Fallon Hunkele,1975-09-26,V3FB05SW57C Fallon Hunkele
Wooters,Y9LX88VR14R,Lizbeth,Lizbeth Wooters,1973-12-30,Y9LX88VR14R Lizbeth Wooters
Gearin,D2QM97YP57V,Tamra,Tamra Gearin,1987-08-08,D2QM97YP57V Tamra Gearin
Lefton,Z3BH01NC46I,Jacquelynn,Jacquelynn Lefton,1973-01-08,Z3BH01NC46I Jacquelynn Lefton
Ribron,B3AO03QH06W,Jannet,Jannet Ribron,1980-12-04,B3AO03QH06W Jannet Ribron
Chriscoe,W0FX10ZY07W,Daisey,Daisey Chriscoe,1991-02-28,W0FX10ZY07W Daisey Chriscoe
Nehrt,B0LM31LY71H,Michel,Michel Nehrt,1975-08-25,B0LM31LY71H Michel Nehrt
Dardy,L7GU57HF93Y,Leora,Leora Dardy,1961-11-17,L7GU57HF93Y Leora Dardy
Diserens,A7FI46VZ60B,Luvenia,Luvenia Diserens,1975-05-22,A7FI46VZ60B Luvenia Diserens
Kuenstler,M9YN69EN86G,Kimberely,Kimberely Kuenstler,1990-02-13,M9YN69EN86G Kimberely Kuenstler
Ariola,E6XM60KD20T,Tameika,Tameika Ariola,1977-05-06,E6XM60KD20T Tameika Ariola
Gainer,G9OG88AZ23D,Khadijah,Khadijah Gainer,1961-04-12,G9OG88AZ23D Khadijah Gainer
Stolecki,D5LB97YT30S,Katy,Katy Stolecki,1972-01-05,D5LB97YT30S Katy Stolecki
Odonal,G1VG37SD63E,Yvone,Yvone Odonal,1972-12-11,G1VG37SD63E Yvone Odonal
Titchener,F2MV39ZZ95G,Jackelyn,Jackelyn Titchener,1983-06-09,F2MV39ZZ95G Jackelyn Titchener
Mucciolo,V8RL38EW73U,Rene,Rene Mucciolo,1961-10-17,V8RL38EW73U Rene Mucciolo
Hornack,P1TD22NH38V,Buster,Buster Hornack,1994-05-13,P1TD22NH38V Buster Hornack
Shrewsbury,L3FI79BT41T,Linwood,Linwood Shrewsbury,1986-05-31,L3FI79BT41T Linwood Shrewsbury
Schimmel,F8LG77QD80L,Tatum,Tatum Schimmel,1987-07-06,F8LG77QD80L Tatum Schimmel
Papson,X0DR42TS53X,Paul,Paul Papson,1984-09-16,X0DR42TS53X Paul Papson
Bridgette,D9FW33NQ20N,Gregory,Gregory Bridgette,1956-05-06,D9FW33NQ20N Gregory Bridgette
Scroggs,L1QH86VH21Q,Regenia,Regenia Scroggs,1961-11-07,L1QH86VH21Q Regenia Scroggs
Mcfarlane,Z7KN15QF28D,Herbert,Herbert Mcfarlane,1993-11-19,Z7KN15QF28D Herbert Mcfarlane
Frankl,P1MV72UX43C,Cleotilde,Cleotilde Frankl,1966-10-23,P1MV72UX43C Cleotilde Frankl
Aldapa,D3GG15CY81B,Teena,Teena Aldapa,1972-03-06,D3GG15CY81B Teena Aldapa
Turay,O4XE31US33U,Gerald,Gerald Turay,1971-09-09,O4XE31US33U Gerald Turay
Pachucki,L3FR27KK57B,Shawna,Shawna Pachucki,1968-05-30,L3FR27KK57B Shawna Pachucki
Kiili,G1OY47ZR72R,Leandra,Leandra Kiili,1980-01-03,G1OY47ZR72R Leandra Kiili
Berson,Z4EY28PA21W,Gregorio,Gregorio Berson,1955-06-16,Z4EY28PA21W Gregorio Berson
Morua,X9RV05LU51C,Mitzi,Mitzi Morua,1962-10-02,X9RV05LU51C Mitzi Morua
Settle,A4GY27OY59F,Cecil,Cecil Settle,1968-02-13,A4GY27OY59F Cecil Settle
Brackins,X5BL26PX31W,Krysten,Krysten Brackins,1975-09-02,X5BL26PX31W Krysten Brackins
Tweddle,N0VL97CT28W,Londa,Londa Tweddle,1985-12-26,N0VL97CT28W Londa Tweddle
Laforce,M8FL77FP87P,Renda,Renda Laforce,1964-06-25,M8FL77FP87P Renda Laforce
Quashie,N2UY05YY04V,Yun,Yun Quashie,1973-05-03,N2UY05YY04V Yun Quashie
Fatigate,Z1BX33FX95L,Neta,Neta Fatigate,1981-10-10,Z1BX33FX95L Neta Fatigate
Vanderschel,Y5LK10ZC84V,Marchelle,Marchelle Vanderschel,1994-07-21,Y5LK10ZC84V Marchelle Vanderschel
Hedspeth,I1FB84BQ08C,Trinh,Trinh Hedspeth,1968-08-06,I1FB84BQ08C Trinh Hedspeth
Karangelen,A6LX84VM93Z,Sandie,Sandie Karangelen,1960-03-09,A6LX84VM93Z Sandie Karangelen
Mcrill,C8WY13LL37X,Sean,Sean Mcrill,1979-01-24,C8WY13LL37X Sean Mcrill
Lyter,T1MI71UT02C,Germaine,Germaine Lyter,1989-11-16,T1MI71UT02C Germaine Lyter
Kozloff,Z0FE85ZS53G,Isadora,Isadora Kozloff,1983-02-02,Z0FE85ZS53G Isadora Kozloff
Salvadge,C7NR96OE76W,Tristan,Tristan Salvadge,1991-11-04,C7NR96OE76W Tristan Salvadge
Overlock,O2QR14QD46N,Loralee,Loralee Overlock,1961-02-09,O2QR14QD46N Loralee Overlock
Newborn,M2CU46XW38G,Arnulfo,Arnulfo Newborn,1970-12-06,M2CU46XW38G Arnulfo Newborn
Ahlstrom,R9GU07DH90V,Heide,Heide Ahlstrom,1969-04-21,R9GU07DH90V Heide Ahlstrom
Laufer,V0PB63DR72Y,Tanna,Tanna Laufer,1966-08-30,V0PB63DR72Y Tanna Laufer
Daw,B1VD96CM53N,Fausto,Fausto Daw,1989-01-06,B1VD96CM53N Fausto Daw
Micek,Y5NV05ZN87C,Latanya,Latanya Micek,1971-09-18,Y5NV05ZN87C Latanya Micek
Marcoline,A4VG06LW22S,Beverley,Beverley Marcoline,1955-10-05,A4VG06LW22S Beverley Marcoline
Gruenberg,E0BL47RE38S,Rigoberto,Rigoberto Gruenberg,1986-03-23,E0BL47RE38S Rigoberto Gruenberg
Dupuis,D1CS49PA12E,Riley,Riley Dupuis,1968-01-30,D1CS49PA12E Riley Dupuis
Newborn,W7HZ93RR28B,Rosemary,Rosemary Newborn,1982-11-09,W7HZ93RR28B Rosemary Newborn
Khatib,L8BN20EC99C,Cori,Cori Khatib,1991-02-26,L8BN20EC99C Cori Khatib
Keyes,R4DO73MN51L,Shanika,Shanika Keyes,1959-02-15,R4DO73MN51L Shanika Keyes
Warning,D9KS35LC00F,Carl,Carl Warning,1957-07-22,D9KS35LC00F Carl Warning
Karvonen,L0QS54PH51Y,Alexandra,Alexandra Karvonen,1955-09-22,L0QS54PH51Y Alexandra Karvonen
Pardew,T7QF33GG29S,Gayla,Gayla Pardew,1969-05-29,T7QF33GG29S Gayla Pardew
Righter,X6WA52CT22B,Sheri,Sheri Righter,1973-03-15,X6WA52CT22B Sheri Righter
Filippo,L7HL14VR24P,Zulema,Zulema Filippo,1990-01-18,L7HL14VR24P Zulema Filippo
Halphen,L1WD48OO92Y,Marlyn,Marlyn Halphen,1957-07-05,L1WD48OO92Y Marlyn Halphen
Intermill,S9LO44TD49V,Emerald,Emerald Intermill,1967-09-04,S9LO44TD49V Emerald Intermill
Yip,K8LP56AR48X,Dean,Dean Yip,1966-07-11,K8LP56AR48X Dean Yip
Roekle,N0DV64NZ93Q,Patsy,Patsy Roekle,1955-06-23,N0DV64NZ93Q Patsy Roekle
Crabbs,Q9ET66LA82Q,Sherise,Sherise Crabbs,1956-11-11,Q9ET66LA82Q Sherise Crabbs
Rearden,S4VL48EL66D,Estelle,Estelle Rearden,1989-12-25,S4VL48EL66D Estelle Rearden
Tiberio,M6ML53LN48R,Maurice,Maurice Tiberio,1961-01-03,M6ML53LN48R Maurice Tiberio
Schild,S1GH26FF56E,Shyla,Shyla Schild,1976-12-13,S1GH26FF56E Shyla Schild
Ucci,U9SG37OT64F,Kylee,Kylee Ucci,1968-08-12,U9SG37OT64F Kylee Ucci
squiers,U4UF03AI06M,nick,nick squiers,1961-12-08,U4UF03AI06M nick squiers
Brewbaker,X9EV31NI63Y,Soo,Soo Brewbaker,1972-08-10,X9EV31NI63Y Soo Brewbaker
Fouraker,T9WV61OZ31G,Vergie,Vergie Fouraker,1960-01-08,T9WV61OZ31G Vergie Fouraker
